"idx"	"idy"	"value"
"1"	2	1	0.047767
"2"	50	2	0.047266
"3"	22	5	0.057191
"4"	12	9	0.046125
"5"	13	9	0.051676
"6"	109	13	0.063366
"7"	140	13	0.070131
"8"	138	14	0.073318
"9"	46	15	0.055455
"10"	121	20	0.045803
"11"	141	20	0.074955
"12"	79	22	0.051747
"13"	140	30	0.071363
"14"	144	32	0.04864
"15"	119	39	0.066718
"16"	52	42	0.096404
"17"	129	43	0.052409
"18"	77	47	0.048785
"19"	79	47	0.063695
"20"	130	47	0.078293
"21"	78	50	0.056716
"22"	79	50	0.053912
"23"	96	57	0.098776
"24"	102	57	0.060891
"25"	94	59	0.068546
"26"	142	59	0.052176
"27"	87	67	0.10725
"28"	85	69	0.049275
"29"	77	73	0.059828
"30"	79	77	0.080536
"31"	109	77	0.071513
"32"	124	77	0.067135
"33"	142	77	0.083915
"34"	79	78	0.081854
"35"	115	81	0.064127
"36"	129	100	0.063774
"37"	138	104	0.063378
"38"	115	107	0.068575
"39"	136	112	0.045342
"40"	136	115	0.053382
"41"	136	117	0.046147
"42"	129	121	0.055827
"43"	142	129	0.056822
"44"	141	130	0.060471
"45"	140	138	0.048013
"46"	141	140	0.085446
